Id,L0_S0_F0,L3_S29_F3321,L3_S33_F3857,L3_S34_F3882,L3_S37_F3950,L0_S0_D1,L3_S29_D3316,L3_S37_D3951,Response
4,0.03,-0.119,-0.102,0.0,0.0,82.24,87.26,87.29,0
6,,-0.127,-0.026,0.0,0.0,,1315.73,1315.75,0
7,0.088,-0.099,0.191,0.0,0.0,1618.7,1624.4,1624.42,0
9,-0.036,-0.039,0.031,0.0,0.0,1149.2,1154.12,1154.16,0
11,-0.055,-0.091,-0.049,0.0,0.0,602.64,606.0,606.02,0
13,0.003,-0.017,0.007,0.0,0.0,1331.66,1339.69,1339.73,0
14,,0.121,-0.001,0.0,0.0,,1664.02,1664.04,0
16,,-0.037,-0.193,0.0,0.0,,804.34,804.36,0
18,-0.016,0.053,-0.006,0.0,0.0,517.64,518.06,518.08,0
23,,-0.097,0.129,0.0,0.0,,157.87,157.89,0
26,0.016,-0.151,0.163,0.0,0.0,1104.78,1105.93,1105.95,0
27,-0.062,0.12,0.009,0.0,0.0,392.85,401.39,401.41,0
28,-0.075,0.332,0.119,0.0,0.0,55.44,62.06,62.1,0
31,-0.003,0.107,0.01,0.0,0.0,98.99,99.65,99.67,0
34,-0.016,-0.216,0.149,0.0,0.0,354.51,365.33,365.38,0
38,0.252,0.011,-0.226,0.0,0.0,1633.8,1636.35,1636.37,0
41,,0.278,-0.076,0.0,0.0,,476.55,476.57,0
44,-0.016,-0.21,0.077,0.0,0.0,1532.42,1541.98,1542.0,0
47,,0.008,0.063,0.0,0.0,,263.41,263.44,0
49,0.088,-0.201,-0.002,0.0,0.0,675.84,677.64,677.68,0
52,,-0.151,0.018,0.0,0.0,,991.59,991.61,0
55,,0.093,-0.009,0.0,0.002,,1346.16,1346.19,0
56,0.003,0.073,-0.025,0.0,0.0,886.18,890.07,890.1,0
57,0.01,0.019,0.028,0.0,0.0,609.56,611.46,611.48,0
63,,0.019,-0.029,0.0,0.0,,668.01,668.04,0
68,0.036,-0.099,-0.025,0.0,0.0,1450.09,1450.82,1450.84,0
70,0.062,,,,,187.57,,,0
71,-0.167,0.011,0.112,0.0,0.0,1458.06,1460.29,1460.32,0
72,,0.093,-0.067,0.0,0.0,,1297.46,1297.48,0
73,,-0.216,0.098,0.0,0.0,,321.26,321.29,0
75,0.036,0.072,-0.096,0.0,0.0,1214.71,1216.31,1216.35,0
76,,-0.119,-0.02,0.0,0.0,,120.62,120.66,0
78,0.101,0.332,0.023,0.0,0.0,140.41,146.12,146.15,0
79,,0.262,-0.03,0.0,0.0,,37.81,37.84,0
81,0.036,0.204,-0.288,0.0,0.0,1378.89,1379.52,1379.56,0
82,-0.016,0.121,0.133,0.0,0.0,1674.9,1691.64,1691.67,0
84,,0.183,-0.083,0.0,0.0,,759.85,759.87,0
86,-0.003,0.072,0.19,0.0,0.0,922.9,927.08,927.11,0
87,0.016,0.072,-0.184,0.0,0.0,1213.34,1214.92,1214.94,0
88,,0.183,-0.165,0.0,0.0,,624.46,624.48,0
91,0.036,-0.171,-0.033,0.0,0.0,520.01,521.06,521.09,0
92,0.108,0.011,-0.272,0.0,0.0,1496.77,1498.99,1499.01,0
93,-0.029,-0.151,-0.075,0.0,0.0,1096.09,1097.58,1097.61,0
95,0.088,-0.037,0.116,0.0,0.0,821.29,823.49,823.53,0
96,0.01,-0.039,-0.051,0.0,0.0,1249.58,1260.58,1260.61,0
97,,0.204,-0.009,0.0,0.0,,1300.22,1300.24,0
98,0.095,-0.099,-0.175,0.0,0.0,1496.88,1499.09,1499.12,0
99,0.016,-0.147,0.101,0.0,0.0,691.0,692.8,692.83,0
102,,0.093,0.005,0.0,0.0,,1424.01,1424.09,0
103,-0.055,,,,,1443.16,,,0
104,-0.075,-0.039,0.047,0.0,0.0,1113.58,1120.54,1120.56,0
106,0.075,0.22,-0.037,0.0,0.0,62.88,65.71,65.73,0
107,,-0.037,-0.104,0.0,0.0,,760.22,760.24,0
112,0.03,-0.039,-0.02,0.0,0.0,936.79,940.73,940.76,0
115,0.075,0.107,0.077,0.0,0.0,80.54,87.16,87.18,0
116,,0.053,,0.0,0.0,,556.18,556.25,0
118,-0.251,-0.037,0.067,0.0,0.0,904.17,907.98,908.01,0
120,-0.036,,,,,1412.92,,,0
122,0.049,0.107,0.075,0.0,0.0,55.37,61.97,62.0,0
123,-0.023,0.019,-0.163,0.0,0.0,591.9,603.11,603.13,0
124,,-0.006,0.067,0.0,0.0,,89.88,89.91,0
125,-0.029,-0.091,-0.268,0.0,0.0,609.39,611.3,611.32,0
126,0.095,-0.171,-0.131,0.0,0.0,518.78,520.35,520.37,0
127,,0.184,0.059,0.0,0.0,,994.2,994.22,0
131,-0.003,-0.017,0.096,0.0,0.0,1272.52,1278.73,1278.75,0
135,0.023,-0.006,0.115,0.0,0.0,139.45,139.97,140.03,0
136,-0.055,,,,,1374.2,,,0
137,,0.183,-0.153,0.0,0.0,,743.4,743.42,0
140,,,,,,,,,0
142,0.023,0.165,-0.042,0.0,0.0,551.21,552.99,553.02,0
145,0.141,0.073,-0.102,0.0,0.0,634.52,637.18,637.2,0
146,-0.036,-0.151,-0.123,0.0,0.0,1164.57,1170.82,1170.89,0
152,0.095,-0.006,-0.056,0.0,0.0,96.42,99.13,99.16,0
153,0.095,-0.006,-0.056,0.0,0.0,96.42,99.13,99.16,0
156,-0.003,,,,,1398.6,,,0
159,-0.049,0.073,0.1,0.0,0.0,877.14,887.23,887.27,0
160,,-0.139,-0.069,0.0,0.0,,0.71,0.75,0
162,,0.072,0.141,0.0,0.0,,1074.64,1074.67,0
163,-0.062,0.093,-0.247,0.0,0.0,1397.12,1397.66,1397.7,0
165,,0.204,-0.078,0.0,0.0,,1379.09,1379.12,0
166,,0.165,-0.097,0.0,0.0,,493.26,493.38,0
169,0.108,-0.201,-0.089,0.0,0.0,653.85,655.43,655.45,0
174,-0.003,-0.227,-0.116,0.0,0.0,231.86,234.24,234.26,0
175,-0.055,-0.216,0.1,0.0,0.0,370.81,373.4,373.42,0
176,-0.055,-0.216,0.1,0.0,0.0,370.81,373.4,373.42,0
177,-0.055,-0.216,0.1,0.0,0.0,370.81,373.4,373.42,0
179,,0.073,0.107,0.0,0.0,,701.27,701.3,0
181,-0.042,-0.21,-0.011,0.0,0.0,1449.22,1449.78,1449.8,0
183,-0.167,-0.039,0.034,0.0,0.0,1112.6,1115.22,1115.24,0
184,-0.167,-0.039,0.034,0.0,0.0,1112.6,1115.22,1115.24,0
185,-0.023,-0.091,-0.067,0.0,0.0,610.8,616.88,616.9,0
187,,-0.104,-0.106,0.0,0.0,,267.98,268.0,0
188,,,,,,,,,0
190,,-0.091,-0.016,0.0,0.0,,690.45,690.48,0
191,,0.22,0.042,0.0,0.0,,120.95,120.99,0
192,0.069,-0.091,0.141,0.0,0.0,673.36,675.55,675.59,0
197,,0.072,0.107,0.0,0.0,,1165.66,1165.68,0
200,-0.036,-0.171,-0.053,0.0,0.0,576.73,584.29,584.32,0
201,0.03,0.296,-0.163,0.0,0.0,1214.6,1216.26,1216.28,0
205,-0.108,-0.099,0.084,0.0,0.0,1658.58,1660.42,1660.46,0
206,0.128,0.33,-0.018,0.0,0.0,168.47,169.14,169.21,0
208,0.128,0.33,-0.018,0.0,0.0,168.47,169.14,169.21,0
209,0.069,0.073,0.207,0.0,0.0,694.33,701.37,701.4,0
216,-0.095,-0.238,-0.024,0.0,0.0,1331.15,1339.36,1339.39,0
221,,-0.201,0.038,0.0,0.0,,689.1,689.12,0
223,0.154,-0.039,-0.096,0.0,0.0,1107.61,1108.2,1108.21,0
226,-0.003,-0.007,-0.106,0.0,0.0,169.7,171.93,171.96,0
229,,-0.127,-0.019,0.0,0.0,,1331.16,1331.19,0
232,,0.183,-0.031,0.0,0.0,,808.65,808.71,0
235,,0.093,-0.116,0.0,0.0,,1316.72,1316.74,0
237,-0.108,0.184,-0.015,0.0,0.0,959.18,961.8,961.83,0
240,,0.181,0.105,0.0,0.0,,181.27,181.29,0
242,0.075,-0.039,-0.086,0.0,0.0,1213.73,1215.3,1215.32,0
244,,-0.037,-0.036,0.0,0.0,,803.46,803.49,0
245,,-0.238,0.044,0.0,0.0,,1407.94,1407.96,0
246,-0.036,-0.216,0.036,0.0,0.0,273.13,274.38,274.41,0
247,0.016,-0.039,0.049,0.0,0.0,974.82,976.59,976.61,0
248,-0.023,-0.104,-0.165,0.0,0.0,393.24,401.92,401.94,0
249,,-0.037,0.048,0.0,0.0,,795.06,795.08,0
250,,-0.21,0.141,0.0,0.0,,157.79,157.81,0
254,0.075,0.072,-0.012,0.0,0.0,1107.55,1108.24,1108.28,0
255,,-0.171,-0.028,0.0,0.0,,505.97,505.99,0
256,-0.036,0.072,-0.082,0.0,0.0,1112.99,1115.67,1115.69,0
257,0.049,-0.147,-0.012,0.0,0.0,905.48,913.55,913.57,0
258,,-0.039,0.101,0.0,0.0,,1020.64,1020.66,0
259,,0.111,-0.001,0.0,0.0,,239.96,239.98,0
261,0.003,-0.147,-0.05,0.0,0.0,894.51,897.27,897.29,0
264,-0.029,-0.21,0.171,0.0,0.0,1557.54,1561.35,1561.38,0
265,0.049,-0.151,-0.037,0.0,0.0,1239.18,1242.06,1242.09,0
268,,0.165,-0.014,0.0,0.0,,586.19,586.22,0
269,,-0.039,0.108,0.0,0.0,,1038.32,1038.36,0
277,-0.042,0.008,-0.001,0.0,0.0,375.67,389.78,389.8,0
280,0.121,-0.201,-0.08,0.0,0.0,641.79,643.48,643.49,0
282,,0.184,-0.179,0.0,0.0,,1058.03,1058.05,0
284,,0.072,0.007,0.0,0.0,,1165.06,1165.08,0
285,,-0.017,-0.043,0.0,0.0,,1333.47,1333.5,0
286,,-0.017,-0.196,0.0,0.0,,1381.65,1381.68,0
287,-0.114,-0.238,0.049,0.0,0.0,1361.64,1363.71,1363.74,0
288,0.069,-0.017,-0.072,0.0,0.0,1316.0,1325.32,1325.35,0
290,0.095,0.39,-0.024,0.0,0.0,539.25,550.82,550.85,0
292,,-0.037,-0.193,0.0,0.0,,718.37,718.39,0
293,0.003,0.314,0.002,0.0,0.0,1339.1,1342.35,1342.73,0
295,-0.049,0.183,0.004,0.0,0.0,702.76,704.74,704.76,0
297,,0.008,0.132,0.0,0.0,,288.28,288.3,0
303,,-0.037,0.058,0.0,0.0,,742.68,742.72,0
304,,-0.216,0.105,0.0,0.0,,418.68,418.7,0
307,,-0.044,0.004,0.0,0.0,,202.29,202.32,0
308,,0.181,-0.009,0.0,0.0,,189.62,189.66,0
309,-0.01,0.008,0.096,0.0,0.0,339.64,341.25,341.27,0
312,0.075,-0.147,-0.074,0.0,0.0,634.83,638.45,638.47,0
314,,-0.151,0.026,0.0,0.0,,1180.71,1180.73,0
315,-0.023,0.183,0.019,0.0,0.0,638.67,640.66,640.68,0
316,-0.108,0.073,0.1,0.0,0.0,904.38,908.19,908.21,0
319,0.056,0.011,-0.024,0.0,0.0,1542.07,1546.19,1546.47,0
320,-0.206,-0.238,-0.054,0.0,0.0,1382.16,1388.59,1388.76,0
321,,-0.027,0.072,0.0,0.0,,1.14,1.16,0
322,,-0.147,0.049,0.0,0.0,,721.54,721.57,0
323,,-0.039,0.016,0.0,0.0,,1028.46,1028.48,0
324,-0.225,-0.017,0.132,0.0,0.0,1412.0,1412.71,1412.74,0
325,-0.01,-0.002,0.152,0.0,0.0,230.22,231.53,231.56,0
327,,-0.201,0.034,0.0,0.0,,691.6,691.62,0
328,-0.036,-0.21,-0.205,0.0,0.0,1591.22,1592.65,1592.68,0
330,0.108,-0.21,-0.002,0.0,0.0,1662.79,1664.24,1664.27,0
332,,-0.006,0.065,0.0,0.0,,69.39,69.42,0
335,,0.293,0.126,0.0,0.0,,772.22,772.25,0
336,,-0.119,0.008,0.0,0.0,,71.09,71.13,0
337,-0.062,-0.039,0.156,0.0,0.0,1115.18,1121.87,1121.89,0
339,,0.183,-0.093,0.0,0.0,,708.69,708.71,0
342,0.16,-0.21,0.027,0.0,0.0,1649.84,1652.09,1652.12,0
343,,-0.151,0.02,0.0,0.0,,990.62,990.64,0
344,-0.036,-0.171,0.042,0.0,0.0,490.05,491.26,491.29,0
347,,0.093,0.126,0.0,0.0,,1410.0,1410.03,0
351,0.01,-0.201,0.014,0.0,0.0,608.83,610.73,610.75,0
352,,-0.127,-0.208,0.0,0.0,,1412.64,1412.66,0
353,0.03,0.011,0.101,0.0,0.029,1528.76,1530.51,1530.58,0
355,0.03,0.107,-0.04,0.0,0.0,141.27,148.87,148.89,0
359,,-0.171,0.008,0.0,0.0,,586.37,586.39,0
361,-0.003,-0.171,-0.093,0.0,0.0,538.12,550.59,550.63,0
362,,-0.157,-0.045,0.0,0.0,,188.94,188.97,0
363,0.023,0.121,-0.084,0.0,0.0,1515.07,1525.26,1525.28,0
364,,-0.233,-0.033,0.0,0.0,,174.73,174.76,0
365,-0.01,0.183,-0.002,0.0,0.0,885.69,889.5,889.53,0
366,-0.075,-0.231,0.195,0.0,0.0,116.48,118.46,118.49,0
368,-0.088,-0.157,0.074,0.0,0.0,205.19,205.9,205.94,0
372,-0.127,-0.21,-0.268,0.0,0.0,1585.25,1592.36,1592.39,0
374,,-0.127,0.161,0.0,0.0,,1294.66,1294.68,0
376,0.075,0.183,0.142,0.0,0.0,838.51,880.25,880.27,0
377,-0.088,-0.104,0.044,0.0,0.0,323.22,324.42,324.43,0
379,,0.293,-0.037,0.038,0.0,,722.71,722.79,0
382,,-0.037,-0.026,0.0,0.0,,760.36,760.39,0
383,,-0.147,0.034,0.0,0.0,,742.8,742.83,0
384,,0.008,0.005,0.0,0.0,,392.58,392.62,0
387,0.147,-0.201,0.045,0.0,0.0,653.6,655.29,655.32,0
388,,-0.037,-0.105,0.0,0.0,,806.5,806.52,0
389,,0.403,-0.137,0.0,0.0,,745.23,745.26,0
390,0.108,0.296,-0.028,0.0,0.0,1142.26,1143.58,1143.6,0
391,0.043,0.296,-0.019,0.0,0.0,970.71,972.76,972.78,0
396,-0.121,0.294,0.164,0.0,0.0,205.76,216.91,216.93,0
399,,-0.216,0.106,0.0,0.0,,418.95,418.97,0
400,,-0.147,-0.057,0.0,0.0,,786.87,786.9,0
401,,0.121,-0.021,0.0,0.0,,1445.72,1445.8,0
403,0.115,0.296,0.053,0.0,0.0,1105.41,1107.04,1107.07,0
404,-0.082,-0.21,-0.09,0.0,0.0,1584.49,1591.65,1591.67,0
405,-0.082,-0.21,-0.09,0.0,0.0,1584.49,1591.65,1591.67,0
406,,-0.037,-0.202,0.0,0.0,,622.84,622.85,0
407,,0.12,0.075,0.0,0.0,,288.07,288.1,0
409,-0.068,-0.231,-0.078,0.0,0.0,146.82,148.15,148.18,0
410,0.121,,,,,835.34,,,0
412,,,,,,,,,0
416,0.082,-0.151,-0.097,0.0,0.0,1141.94,1143.41,1143.43,0
421,0.108,-0.21,-0.075,0.0,0.0,1643.67,1646.36,1646.38,0
424,,-0.039,0.113,0.0,0.0,,1006.29,1006.32,0
425,,0.184,-0.055,0.0,0.0,,1089.31,1089.35,0
427,0.115,-0.059,-0.162,0.0,0.0,509.05,510.48,510.51,0
428,0.115,-0.059,-0.162,0.0,0.0,509.05,510.48,510.51,0
429,-0.18,0.121,0.018,0.0,0.0,1565.89,1567.92,1567.95,0
430,0.056,0.011,0.006,0.0,0.0,1642.68,1644.37,1644.39,0
431,0.003,-0.21,0.054,0.0,0.0,1650.38,1652.62,1652.64,0
434,,-0.127,0.253,0.0,0.0,,1373.73,1373.76,0
435,,-0.127,-0.144,0.0,0.0,,1316.68,1316.7,0
436,-0.147,0.406,0.016,0.0,0.0,203.6,204.49,204.52,0
439,0.075,-0.017,0.05,0.0,0.0,1394.41,1395.03,1395.07,0
440,-0.127,-0.151,-0.01,0.0,0.0,1111.21,1112.49,1112.51,0
441,0.016,-0.151,0.071,0.0,0.0,944.77,953.67,953.86,0
442,0.088,-0.039,0.002,0.0,0.0,975.36,978.04,978.06,0
444,0.049,0.294,-0.025,0.0,0.0,190.9,191.21,191.24,0
445,,0.008,-0.035,0.0,0.0,,268.23,268.26,0
450,0.075,-0.171,-0.027,0.0,0.0,551.19,552.84,552.87,0
451,,0.165,0.22,0.0,0.0,,501.28,501.29,0
452,,-0.238,0.015,0.0,0.0,,1290.75,1290.77,0
456,-0.062,0.072,0.012,0.0,0.0,938.73,943.7,943.72,0
457,-0.062,0.072,0.012,0.0,0.0,938.73,943.7,943.72,0
459,0.01,-0.037,-0.01,0.0,0.0,824.41,827.51,827.54,0
463,0.128,0.072,0.118,0.0,0.0,921.06,923.24,923.27,0
464,-0.062,0.232,-0.008,0.0,0.0,1434.19,1440.31,1440.33,0
466,-0.003,-0.147,0.05,0.0,0.0,824.18,827.29,827.31,0
469,-0.003,-0.147,0.05,0.0,0.0,824.18,827.29,827.31,0
470,0.062,-0.091,-0.066,0.0,0.0,603.22,607.42,607.45,0
471,,0.073,0.056,0.0,0.0,,700.87,700.89,0
472,,-0.151,0.063,0.0,0.0,,994.35,994.38,0
473,,-0.151,0.063,0.0,0.0,,994.35,994.38,0
476,0.003,,,,,550.11,,,0
477,,-0.119,0.141,0.0,0.0,,68.96,68.98,0
478,-0.095,0.011,0.147,0.0,0.0,1499.83,1507.87,1507.89,0
479,-0.036,-0.104,0.103,0.0,0.0,347.09,349.48,349.51,0
484,,-0.039,0.163,0.002,0.0,,1013.57,1013.68,0
486,,0.093,-0.171,0.0,0.0,,1379.25,1379.29,0
487,0.043,-0.171,-0.142,0.0,0.0,518.46,519.95,519.98,0
488,,0.072,0.144,0.0,0.0,,1127.08,1127.1,0
491,0.03,-0.216,0.019,0.0,0.0,368.1,368.71,368.73,0
492,0.101,0.293,-0.075,0.0,0.0,891.68,896.76,896.78,0
493,-0.016,0.296,0.074,0.0,0.0,971.61,973.44,973.46,0
494,-0.042,,,,,1379.75,,,0
495,,0.053,-0.149,0.0,0.0,,507.89,507.91,0
496,,0.184,0.059,0.0,0.0,,1005.35,1005.37,0
499,0.095,-0.099,-0.027,0.0,0.0,1652.62,1659.53,1659.55,0
500,-0.147,0.311,0.018,0.0,0.0,3.55,5.59,5.66,0
502,-0.049,0.296,-0.148,0.0,0.0,938.98,944.04,944.08,0
503,-0.082,0.128,0.149,0.0,0.0,17.98,23.59,23.61,0
504,0.069,-0.099,-0.114,0.0,0.0,1532.79,1542.45,1542.47,0
505,,-0.037,-0.111,0.0,0.0,,802.19,802.22,0
508,,-0.039,-0.039,0.0,0.0,,1129.15,1129.17,0
510,-0.055,0.204,0.113,0.0,0.0,1357.07,1361.26,1361.27,0
511,,0.073,-0.189,0.0,0.0,,805.31,805.35,0
515,,0.3,-0.005,0.0,0.0,,459.84,459.86,0
516,,0.3,-0.005,0.0,0.0,,459.84,459.86,0
517,-0.127,0.093,-0.149,0.0,0.0,1379.55,1399.19,1399.21,0
518,,0.072,0.172,0.0,0.0,,1072.01,1072.04,0
519,0.095,0.293,0.015,0.0,0.0,824.76,828.65,828.7,0
520,,-0.127,-0.068,0.0,0.0,,1331.12,1331.15,0
522,,0.165,0.026,0.0,0.0,,499.35,499.37,0
523,-0.062,0.296,0.036,0.0,0.0,1225.51,1226.9,1226.93,0
524,-0.029,,,,,566.15,,,0
525,-0.042,-0.039,0.141,0.0,0.0,1153.75,1154.84,1154.87,0
527,-0.153,-0.099,0.077,0.0,0.0,1566.22,1568.3,1568.33,0
532,,-0.039,0.095,0.0,0.0,,1053.86,1053.89,0
533,-0.153,0.011,-0.099,0.0,0.0,1549.16,1551.92,1551.95,0
534,-0.042,-0.099,-0.174,0.0,0.0,1551.27,1558.01,1558.1,0
538,0.121,-0.151,-0.047,0.0,0.0,1108.61,1110.19,1110.21,0
540,-0.029,0.011,-0.113,0.0,0.0,1593.06,1595.27,1595.31,0
541,-0.029,0.011,-0.113,0.0,0.0,1593.06,1595.27,1595.31,0
544,0.141,0.183,-0.051,0.0,0.0,634.26,637.02,637.04,0
545,0.023,-0.238,-0.116,0.0,0.0,1342.69,1350.46,1350.48,0
547,,-0.039,0.043,0.0,0.0,,1020.29,1020.31,0
550,,-0.151,0.103,0.0,0.0,,1040.84,1040.87,0
553,,-0.238,-0.101,0.0,0.0,,1410.99,1411.02,0
555,-0.042,-0.104,0.109,0.0,0.0,254.32,255.23,255.26,0
558,0.075,-0.21,0.021,0.0,0.0,1461.31,1463.19,1463.22,0
560,,0.22,-0.005,0.0,0.0,,101.81,101.83,0
561,-0.095,0.121,0.088,0.0,0.0,1518.4,1527.56,1527.58,0
562,,0.165,0.165,0.0,0.0,,492.01,492.03,0
564,-0.036,0.184,-0.027,0.0,0.0,922.14,925.55,925.58,0
565,,-0.151,-0.038,0.0,0.0,,1180.03,1180.06,0
567,-0.14,-0.147,0.013,0.0,0.0,625.16,632.79,632.82,0
570,-0.042,0.232,0.225,0.0,0.0,336.87,339.01,339.03,0
571,,-0.151,-0.064,0.0,0.0,,1176.77,1176.79,0
573,0.003,0.072,-0.096,0.0,0.0,1170.44,1171.26,1171.28,0
575,-0.016,0.073,-0.144,0.0,0.0,701.44,703.37,703.39,0
576,,,,,,,,,0
580,,-0.039,0.041,0.0,0.0,,997.2,997.23,0
581,0.036,0.008,0.092,0.0,0.0,336.86,338.9,338.93,0
584,0.01,-0.151,-0.045,0.0,0.0,1239.76,1242.77,1242.81,0
585,-0.055,-0.151,0.015,0.0,0.0,1108.61,1110.05,1110.07,0
586,,-0.037,-0.138,0.0,0.0,,776.63,776.65,0
587,,-0.239,0.086,0.0,0.0,,303.57,303.59,0
588,-0.029,0.093,0.076,0.0,0.0,1323.69,1326.2,1326.22,0
589,,-0.231,0.031,0.0,0.0,,135.83,135.86,0
594,0.095,0.204,0.007,0.0,0.0,1399.3,1401.24,1401.26,0
597,0.075,-0.151,0.146,0.0,0.0,1093.99,1095.35,1095.37,0
599,,0.293,-0.095,0.0,0.0,,762.12,762.16,0
601,-0.042,0.073,0.021,0.0,0.0,701.23,702.9,702.94,0
602,,-0.147,-0.113,0.0,0.0,,745.31,745.33,0
603,,0.072,-0.071,0.0,0.0,,1024.95,1024.97,0
604,-0.18,-0.227,0.036,0.0,0.0,230.47,231.9,234.91,0
605,,0.183,-0.036,0.0,0.0,,741.26,741.29,0
607,,-0.151,0.003,0.0,0.0,,1081.56,1081.58,0
609,0.023,0.22,0.008,0.0,0.0,63.44,66.46,66.49,0
610,0.043,0.019,-0.072,0.0,0.0,671.67,672.92,673.0,0
612,-0.01,-0.216,0.017,0.0,0.0,354.75,366.09,366.12,0
613,0.03,-0.151,-0.048,0.0,0.0,962.78,969.01,969.1,0
614,,0.183,-0.109,0.0,0.0,,735.49,735.5,0
616,0.016,0.011,-0.155,0.0,0.0,1575.48,1578.14,1578.18,0
618,,-0.147,-0.08,0.0,0.0,,761.28,761.3,0
620,-0.029,,,,,1412.6,,,0
621,0.03,0.072,0.055,0.0,0.0,1262.6,1266.98,1267.0,0
625,,0.344,-0.007,0.0,0.0,,284.12,284.21,0
629,-0.049,0.011,-0.041,0.0,0.0,1508.63,1511.17,1511.19,0
631,,-0.147,-0.093,0.0,0.0,,802.63,802.67,0
632,-0.016,-0.104,-0.017,0.0,0.0,263.25,263.58,263.6,0
633,-0.016,-0.104,-0.017,0.0,0.0,263.25,263.58,263.6,0
637,0.069,0.073,-0.042,0.0,0.0,637.16,639.55,639.57,0
638,,0.184,-0.147,0.0,0.0,,1048.12,1048.2,0
641,-0.068,-0.104,-0.064,0.0,0.0,322.1,322.77,322.79,0
643,,-0.227,-0.039,0.0,0.0,,241.04,241.06,0
645,-0.101,-0.099,0.121,0.0,0.0,1549.5,1551.84,1551.87,0
649,0.062,-0.099,0.136,0.0,0.0,1511.5,1513.26,1513.29,0
650,0.043,0.019,-0.007,0.0,0.0,610.28,616.06,616.08,0
652,0.043,-0.238,0.005,0.0,0.0,1323.49,1325.94,1325.97,0
654,0.062,-0.151,0.067,0.0,0.0,1145.63,1147.66,1147.68,0
656,0.036,-0.216,0.06,0.0,0.0,343.26,349.22,349.24,0
662,,0.342,-0.086,0.0,0.0,,1445.52,1445.54,0
664,-0.082,-0.201,-0.063,0.0,0.0,592.12,603.19,603.22,0
668,,-0.039,-0.155,0.0,0.0,,1045.97,1046.04,0
669,,0.072,0.043,0.0,0.0,,1160.51,1160.56,0
671,-0.016,-0.238,-0.116,0.0,0.0,1342.82,1350.68,1350.71,0
673,,0.344,0.002,0.0,0.0,,347.19,347.21,0
674,,0.072,0.063,0.0,0.0,,981.26,981.28,0
675,-0.003,-0.147,-0.07,0.0,0.0,704.33,706.86,706.88,0
676,-0.042,-0.091,-0.026,0.0,0.0,600.38,605.33,605.38,0
678,-0.075,0.52,-0.041,0.0,0.0,943.45,946.8,946.82,0
681,0.069,,,,,1397.03,,,0
682,-0.14,-0.21,0.078,0.0,0.0,1457.22,1457.75,1457.78,0
684,0.01,,,,,187.36,,,0
685,,0.293,0.056,0.0,0.0,,887.54,887.56,0
691,,-0.151,0.07,0.0,0.0,,986.19,986.21,0
692,-0.075,0.12,-0.114,0.0,0.003,259.11,259.41,259.44,0
693,0.167,0.113,-0.043,0.0,0.0,1698.78,1710.08,1710.12,0
694,,,-0.101,0.0,0.0,,,792.29,0
695,-0.003,0.073,-0.003,0.0,0.0,889.59,895.94,895.97,0
697,0.056,,,,,1393.89,,,0
701,,0.008,-0.131,0.0,0.0,,288.11,288.13,0
702,,0.296,-0.009,0.0,0.0,,1204.97,1205.0,0
704,-0.173,0.165,0.111,0.0,0.0,489.12,489.47,489.49,0
709,-0.003,-0.091,-0.055,0.0,0.0,600.45,605.19,605.22,0
712,0.036,-0.147,-0.083,0.0,0.0,636.57,639.11,639.13,0
713,-0.088,-0.104,0.02,0.0,0.0,369.21,370.83,370.86,0
717,0.062,-0.151,-0.09,0.0,0.0,1110.69,1111.86,1111.89,0
718,,0.424,0.116,0.0,0.0,,1409.49,1409.51,0
723,,0.072,0.053,0.0,0.0,,1178.33,1178.37,0
724,-0.003,0.072,-0.058,0.0,0.0,1211.12,1212.96,1212.99,0
725,,,,,,,,,0
726,-0.068,0.232,0.062,0.0,0.0,269.27,269.94,269.98,0
727,,0.232,-0.181,0.0,0.0,,1566.03,1566.05,0
729,0.03,-0.017,-0.024,0.0,0.0,1324.35,1328.39,1328.41,0
730,,-0.037,0.095,0.0,0.0,,787.6,787.62,0
731,,0.336,-0.057,0.0,0.0,,235.17,235.2,0
734,,0.184,-0.031,0.0,0.0,,1192.48,1192.52,0
735,-0.121,-0.114,0.019,0.0,0.0,235.77,237.52,237.54,0
736,-0.049,0.184,-0.072,0.0,0.0,1215.21,1220.87,1221.02,0
738,-0.082,-0.171,-0.007,0.0,0.0,559.12,560.92,560.94,0
743,,-0.104,-0.09,0.0,0.0,,415.01,415.04,0
744,,0.13,0.031,0.0,0.0,,607.36,607.38,0
745,,-0.188,0.039,0.0,0.0,,37.73,37.77,0
746,,-0.104,-0.048,0.0,0.0,,252.2,252.22,0
747,,0.332,0.041,0.0,0.0,,52.06,52.09,0
748,,-0.039,0.004,0.0,0.0,,1070.04,1070.07,0
749,,-0.151,-0.016,0.0,0.0,,1090.21,1090.24,0
753,-0.029,-0.104,-0.001,0.0,0.0,275.64,281.82,281.85,0
754,,-0.238,-0.056,0.0,0.0,,1425.22,1425.25,0
755,,-0.006,-0.105,0.0,0.0,,71.15,71.19,0
756,-0.062,0.093,0.089,0.0,0.0,1373.45,1375.59,1375.61,0
757,0.056,-0.147,0.069,0.0,0.0,894.87,901.69,901.72,0
759,,0.011,0.033,0.0,0.0,,1559.0,1559.03,0
760,,-0.119,0.064,0.0,0.0,,133.12,133.15,0
761,,-0.119,0.064,0.0,0.0,,133.12,133.15,0
763,,-0.182,-0.293,0.0,0.0,,165.34,165.42,0
764,,-0.147,-0.24,0.0,0.0,,716.65,716.67,0
766,,-0.037,-0.077,0.0,0.0,,808.54,808.56,0
767,0.03,0.232,0.226,0.0,0.0,323.92,325.16,325.19,0
771,-0.153,-0.216,-0.131,0.0,0.0,255.59,256.32,256.35,0
772,0.075,-0.017,0.002,0.0,0.0,1429.84,1431.41,1431.44,0
775,0.056,-0.231,-0.16,0.0,0.0,140.37,146.04,146.08,0
776,-0.14,0.011,-0.037,0.0,0.0,1465.27,1467.51,1467.53,0
777,,-0.039,-0.039,0.0,0.0,,1175.35,1175.37,0
779,,-0.147,-0.147,0.0,0.0,,756.85,756.88,0
780,0.036,-0.231,0.04,0.0,0.0,104.21,106.54,106.57,0
783,,-0.007,0.051,0.0,0.0,,165.81,165.84,0
784,,0.296,-0.001,0.0,0.0,,1024.88,1024.9,0
785,,0.296,-0.001,0.0,0.0,,1024.88,1024.9,0
789,,-0.044,-0.031,0.0,0.0,,198.24,198.27,0
792,,-0.151,-0.054,0.0,0.0,,1079.82,1079.84,0
796,-0.127,-0.171,-0.1,0.0,0.0,572.09,573.07,573.1,0
797,-0.18,-0.238,-0.014,0.0,0.0,1409.43,1410.53,1410.56,0
800,,0.011,-0.112,0.0,0.0,,1466.79,1466.81,0
801,,0.011,-0.112,0.0,0.0,,1466.79,1466.81,0
803,-0.036,,,,,1442.87,,,0
808,,-0.059,0.048,0.0,0.0,,476.71,476.72,0
810,,-0.104,-0.189,0.0,0.0,,440.56,440.59,0
811,0.049,,,,,1214.91,,,0
813,-0.042,-0.21,-0.09,0.0,0.0,1568.89,1575.48,1575.54,0
818,-0.186,0.22,-0.028,0.0,0.0,116.03,116.62,116.67,0
821,0.056,0.403,0.027,0.0,0.0,838.85,880.1,880.12,0
823,-0.075,0.296,-0.126,0.0,0.0,959.12,961.95,961.97,0
824,,0.184,0.106,0.0,0.0,,1065.6,1065.63,0
825,-0.068,0.184,0.016,0.0,0.0,1154.04,1155.46,1155.52,0
826,-0.088,-0.21,-0.113,0.0,0.0,1560.44,1565.02,1565.04,0
827,0.049,0.296,0.056,0.0,0.0,1227.01,1238.64,1238.67,0
831,0.01,-0.104,-0.018,0.0,0.0,253.6,254.47,254.49,0
832,,-0.151,0.049,0.0,0.0,,1026.32,1026.35,0
834,-0.042,0.12,-0.041,0.0,0.0,269.42,270.11,270.16,0
835,,-0.201,-0.11,0.0,0.0,,609.6,609.62,0
842,,-0.039,0.163,0.0,0.0,,997.06,997.09,0
843,-0.042,0.184,-0.056,0.0,0.0,1222.34,1222.96,1222.98,0
844,-0.01,-0.099,-0.087,0.0,0.0,1650.2,1652.23,1652.26,0
845,,-0.039,-0.008,0.0,0.0,,1147.9,1147.93,0
851,,-0.039,0.155,0.0,0.0,,1126.03,1126.12,0
852,0.056,-0.091,-0.047,0.0,0.0,608.76,610.64,610.66,0
855,0.01,-0.119,0.118,0.0,0.0,52.34,61.48,61.52,0
859,,0.184,-0.086,0.0,0.0,,1002.82,1002.84,0
860,-0.088,0.342,-0.126,0.0,0.0,1566.98,1569.11,1569.13,0
861,-0.023,0.12,0.012,0.0,0.0,402.16,404.16,404.18,0
862,,0.232,0.09,0.0,0.0,,1496.1,1496.12,0
865,-0.01,0.093,-0.067,0.0,0.0,1331.49,1339.59,1339.62,0
867,0.01,-0.017,-0.045,0.0,0.0,1339.23,1342.49,1342.51,0
869,0.03,-0.21,0.002,0.0,0.0,1560.42,1564.08,1564.11,0
870,0.036,-0.147,0.027,0.0,0.0,902.55,905.84,905.86,0
871,-0.062,-0.017,0.039,0.0,0.0,1414.02,1414.96,1414.99,0
872,,0.184,0.168,0.0,0.0,,1073.98,1074.0,0
873,0.023,-0.201,0.096,0.0,0.0,594.37,603.96,603.98,0
874,0.023,-0.201,0.096,0.0,0.0,594.37,603.96,603.98,0
879,-0.108,-0.002,0.039,0.0,0.0,219.59,221.05,221.09,0
882,-0.062,-0.091,-0.128,0.0,0.0,638.02,641.22,642.95,0
883,-0.036,0.121,0.077,0.0,0.0,1560.12,1563.9,1563.95,0
885,0.082,0.008,0.171,0.0,0.0,339.46,341.09,341.11,0
887,-0.003,-0.059,0.021,0.0,0.0,518.36,519.88,519.9,0
890,0.134,-0.091,-0.058,0.0,0.0,672.81,674.87,674.9,0
891,,0.073,0.04,0.0,0.0,,701.2,701.22,0
892,0.016,0.053,0.024,0.0,0.0,510.44,517.58,517.6,0
893,,0.093,-0.19,0.0,0.0,,1412.55,1412.59,0
896,-0.023,0.072,0.011,0.0,0.0,1239.39,1242.31,1242.33,0
899,,0.183,-0.056,0.0,0.0,,740.41,740.45,0
901,-0.003,0.121,-0.019,0.0,0.0,1599.79,1611.38,1611.41,0
902,0.082,-0.017,0.188,0.0,0.0,1245.77,1294.46,1294.49,0
903,0.088,-0.039,0.171,0.0,0.0,1107.74,1108.33,1108.36,0
904,-0.01,-0.127,-0.143,0.0,0.0,1266.77,1276.65,1276.68,0
905,-0.042,0.073,-0.034,0.0,0.0,892.11,897.79,897.83,0
907,-0.029,-0.039,0.054,0.0,0.0,1149.13,1154.21,1154.23,0
908,0.049,0.019,0.062,0.0,0.0,654.98,656.29,656.31,0
909,-0.003,-0.151,-0.227,0.0,0.0,1226.23,1238.16,1238.19,0
910,,-0.037,0.094,0.0,0.0,,821.44,821.48,0
911,-0.016,-0.216,0.111,0.0,0.0,374.3,381.41,381.45,0
912,,0.053,-0.086,0.0,0.0,,505.38,505.48,0
913,0.075,-0.21,-0.138,0.0,0.0,1547.51,1551.1,1551.12,0
914,0.095,0.183,-0.123,0.0,0.0,825.94,829.32,829.36,0
916,,-0.037,-0.146,0.0,0.0,,757.76,757.79,0
917,0.115,0.184,0.027,0.0,0.0,1144.03,1175.66,1175.68,0
919,0.003,-0.147,0.024,0.0,0.0,894.63,901.54,901.56,0
920,,-0.182,-0.081,0.0,0.0,,165.16,165.18,0
925,-0.108,-0.006,0.014,0.0,0.0,52.4,61.61,61.67,0
926,,0.093,-0.117,0.0,0.0,,1331.28,1331.32,0
928,0.043,-0.157,-0.086,0.0,0.0,189.94,190.57,190.6,0
929,,-0.017,-0.224,0.0,0.0,,1397.81,1397.83,0
934,0.003,0.011,-0.045,0.0,0.0,1467.79,1477.3,1477.34,0
938,,-0.127,-0.107,0.0,0.0,,1399.9,1399.92,0
939,-0.082,-0.151,-0.06,0.0,0.0,946.59,955.55,955.58,0
940,,-0.216,-0.066,0.0,0.0,,421.38,421.39,0
941,-0.173,0.444,0.072,0.0,0.0,116.17,116.72,116.75,0
942,0.095,-0.127,0.094,0.0,0.0,1378.4,1378.91,1378.95,0
944,-0.062,0.072,-0.017,0.0,0.0,1238.28,1240.38,1240.42,0
945,-0.029,-0.171,-0.096,0.0,0.0,555.94,557.79,557.81,0
947,0.082,-0.039,0.082,0.0,0.0,1092.0,1093.24,1093.27,0
949,,-0.151,-0.024,0.0,0.0,,952.06,952.09,0
951,,0.072,-0.146,0.0,0.0,,1179.45,1179.48,0
955,0.016,,,,,575.0,,,0
960,,-0.151,0.027,0.0,0.0,,1038.17,1038.23,0
961,0.062,-0.104,0.167,0.0,0.0,335.59,337.11,337.14,0
967,,0.296,0.179,0.0,0.0,,1141.12,1141.13,0
968,,-0.171,-0.049,0.0,0.0,,567.82,567.84,0
970,0.101,-0.151,0.17,0.0,0.0,1105.92,1107.67,1107.69,0
973,-0.042,0.183,-0.077,0.0,0.0,617.37,619.77,619.8,0
974,0.043,0.296,0.01,0.0,0.0,1154.37,1155.4,1155.42,0
975,-0.075,0.011,-0.117,0.0,0.0,1566.11,1568.23,1568.26,0
976,0.01,0.011,0.055,0.0,0.0,1510.96,1512.92,1512.95,0
977,,-0.039,0.1,0.0,0.0,,1126.9,1126.92,0
980,,-0.216,0.014,0.0,0.0,,426.1,426.12,0
985,0.219,0.232,-0.079,0.0,0.0,1636.2,1641.21,1641.3,0
987,-0.153,-0.127,-0.032,0.0,0.0,1383.26,1389.7,1389.72,0
989,-0.042,-0.044,0.146,0.0,0.0,205.89,215.91,215.94,0
990,0.056,-0.037,-0.06,0.0,0.0,839.55,884.61,884.64,0
994,,-0.147,-0.102,0.0,0.0,,717.17,717.19,0
995,,-0.039,-0.094,0.0,0.0,,1226.69,1226.8,0
996,0.023,-0.119,0.073,0.0,0.0,63.89,66.76,66.78,0
997,0.062,-0.21,0.076,0.0,0.0,1692.01,1698.43,1698.47,0
999,0.141,0.342,-0.002,0.0,0.0,1625.8,1628.12,1628.2,0
1002,,0.181,-0.118,0.0,0.0,,189.76,189.78,0
1003,,-0.039,0.221,0.0,0.0,,986.34,986.36,0
1005,,0.069,-0.06,0.0,0.0,,188.84,188.87,0
1006,-0.016,-0.171,0.111,0.0,0.0,524.83,525.91,526.0,0
1007,0.069,0.011,0.003,0.021,0.0,1645.22,1648.98,1649.0,0
1017,-0.075,-0.127,0.166,0.001,0.0,1356.08,1359.67,1359.7,0
1019,,-0.231,-0.087,0.0,0.0,,130.96,130.99,0
1021,,-0.104,0.136,0.0,0.0,,350.23,350.26,0
1022,-0.167,0.165,-0.01,0.0,0.0,587.46,591.75,591.77,0
1023,,-0.151,-0.061,0.0,0.0,,1175.46,1175.49,0
1025,0.016,-0.059,-0.006,0.0,0.0,575.87,583.14,583.17,0
1026,-0.055,-0.039,0.079,0.0,0.0,1113.3,1120.28,1120.36,0
1027,0.03,0.296,0.061,0.0,0.0,970.78,972.81,972.84,0
1030,-0.029,-0.151,0.189,0.0,0.0,1164.69,1170.91,1170.94,0
1032,0.003,0.072,-0.07,0.0,0.0,1227.57,1239.26,1239.34,0
1034,,0.12,0.051,0.0,0.0,,297.63,298.02,0
1036,0.095,0.072,-0.038,0.0,0.0,942.94,946.37,946.4,0
1040,-0.101,-0.127,0.098,0.0,0.0,1361.04,1362.43,1362.45,0
1041,-0.082,-0.139,0.103,0.0,0.0,2.42,4.33,4.35,0
1043,-0.127,0.296,0.091,0.0,0.0,958.9,961.44,961.47,0
1044,,0.069,-0.019,0.0,0.0,,201.36,201.38,0
1046,-0.023,-0.039,-0.11,0.0,0.0,1243.14,1246.79,1246.83,0
1048,0.056,0.072,-0.053,0.0,0.0,1091.08,1091.72,1091.76,0
1049,,0.073,0.096,0.0,0.0,,773.98,774.0,0
1050,,0.183,-0.016,0.0,0.0,,774.08,774.1,0
1053,,-0.104,0.083,0.0,0.0,,302.06,302.09,1
1054,0.128,0.072,0.063,0.0,0.0,1095.54,1096.2,1096.22,0
1055,0.003,0.107,-0.1,0.0,0.0,113.12,114.17,114.2,0
1059,-0.016,0.073,0.016,0.0,0.0,691.06,693.89,693.92,0
1061,-0.147,,,,,1376.71,,,0
1062,0.043,0.314,0.06,0.0,0.0,1365.36,1367.46,1367.48,0
1063,0.043,0.314,0.06,0.0,0.0,1365.36,1367.46,1367.48,0
1064,,-0.017,0.152,0.0,0.0,,1413.69,1413.72,0
1066,-0.029,-0.059,-0.134,0.0,0.0,523.66,532.77,532.8,0
1067,,0.069,-0.018,0.0,0.0,,198.65,198.68,0
1069,0.056,0.072,0.162,0.0,0.0,924.46,928.34,928.37,0
1070,0.01,0.332,0.191,0.0,0.0,114.97,116.4,116.43,0
1076,0.134,-0.238,0.0,0.0,0.0,1316.85,1325.62,1325.65,0
1078,0.108,-0.091,-0.013,0.0,0.0,677.64,686.36,686.48,0
1080,,-0.147,-0.073,0.0,0.0,,724.99,725.01,0
1082,-0.003,-0.151,0.047,0.0,0.0,1245.23,1248.9,1248.93,0
1083,-0.068,-0.017,0.021,0.0,0.0,1412.86,1413.1,1413.12,0
1084,-0.062,0.069,0.009,0.0,0.0,205.45,216.13,216.16,0
1097,-0.003,-0.059,-0.119,0.0,0.0,557.89,558.99,559.01,0
1098,,-0.059,-0.088,0.0,0.0,,508.11,508.14,0
1099,,-0.039,-0.036,0.0,0.0,,986.09,986.12,0
1101,0.043,-0.039,0.025,0.0,0.0,952.73,958.73,958.75,0
1102,0.141,-0.21,0.134,0.0,0.0,1641.81,1642.18,1642.2,0
1104,-0.01,0.344,0.04,0.0,0.0,373.9,374.35,374.38,0
1106,,0.375,0.003,0.0,0.0,,36.96,37.04,0
1108,,-0.039,-0.05,0.0,0.0,,1188.97,1189.0,0
1112,,0.073,-0.087,0.0,0.0,,819.24,819.26,0
1113,,-0.151,-0.013,0.0,0.0,,1205.37,1205.39,0
1115,,-0.037,0.199,0.0,0.0,,790.37,790.39,0
1117,,0.121,0.02,0.0,0.0,,1511.97,1512.0,0
1118,,0.072,0.03,0.0,0.0,,1002.78,1002.8,0
1119,,-0.151,-0.032,0.0,0.0,,1221.39,1221.42,0
1124,0.016,-0.151,0.257,0.0,0.0,1090.89,1091.55,1091.57,0
1126,,-0.21,0.152,0.0,0.0,,30.85,30.87,0
1127,-0.134,,,,,570.9,,,0
1130,,-0.002,-0.048,0.0,0.0,,235.08,235.1,0
1132,,-0.227,0.001,0.0,0.0,,238.9,238.95,0
1133,-0.127,0.011,0.0,0.0,0.0,1569.05,1575.62,1575.66,0
1138,-0.023,-0.21,-0.056,0.001,0.0,1508.49,1511.03,1511.05,0
1139,0.095,-0.21,0.051,0.0,0.0,1662.37,1662.45,1662.48,0
1140,0.128,-0.21,0.051,0.0,0.0,1647.24,1649.94,1649.96,0
1141,-0.068,-0.151,0.013,0.0,0.0,1112.13,1113.39,1113.42,0
1142,-0.029,-0.044,-0.077,0.0,0.0,204.48,216.3,216.34,0
1143,-0.127,0.13,-0.115,0.0,0.0,592.19,603.26,603.29,0
1144,-0.029,0.072,-0.057,0.0,0.0,938.67,943.62,943.66,0
1145,-0.023,0.344,-0.142,0.0,0.0,254.87,255.76,255.83,0
1146,-0.062,-0.091,0.043,0.0,0.0,602.59,605.89,605.91,0
1147,,-0.059,-0.154,0.0,0.0,,504.45,504.49,0
1150,0.088,0.121,-0.01,0.0,0.0,1446.27,1448.01,1448.33,0
1153,0.023,-0.104,0.013,0.0,0.0,320.66,322.19,322.23,0
1155,,-0.017,0.073,0.0,0.0,,1291.22,1291.27,0
1158,0.016,0.008,0.028,0.0,0.0,321.08,322.68,322.71,0
1160,,0.296,0.063,0.0,0.0,,1266.23,1266.25,0
1167,,0.293,0.051,0.0,0.0,,776.44,776.47,0
1168,,-0.059,0.143,0.0,0.0,,488.63,488.67,0
1171,0.141,0.019,0.116,0.0,0.0,676.63,683.59,683.62,0
1172,,,,,,,,,0
1178,-0.016,0.008,-0.022,0.0,0.0,288.43,291.54,291.57,0
1180,0.121,-0.099,0.201,0.0,0.0,1432.79,1433.7,1433.72,0
1182,,0.184,0.093,0.0,0.0,,1198.23,1198.26,0
1184,,0.008,-0.119,0.0,0.0,,288.28,288.3,0
1185,-0.16,-0.114,0.049,0.0,0.0,219.87,221.2,221.23,0
1186,-0.18,-0.21,0.205,0.0,0.0,1465.19,1467.4,1467.42,0
1190,-0.01,0.107,0.152,0.0,0.0,96.31,99.24,99.26,0
1191,-0.062,0.101,-0.002,0.0,0.0,618.09,619.42,619.45,0
1194,-0.023,,,,,522.67,,,0
1195,-0.023,,,,,522.67,,,0
1197,,-0.037,-0.101,0.0,0.0,,721.65,721.67,0
1198,0.128,-0.037,0.045,0.0,0.0,836.69,876.75,876.78,0
1202,0.206,0.011,0.054,0.0,0.0,1633.89,1636.44,1636.47,0
1207,-0.062,-0.216,-0.002,0.0,0.0,291.66,298.08,298.11,0
1209,,-0.037,-0.187,0.0,0.0,,760.31,760.34,0
1210,,-0.037,-0.146,0.0,0.0,,711.02,711.04,0
1212,-0.082,-0.104,-0.064,0.0,0.0,316.06,318.85,318.89,0
1213,-0.023,-0.059,0.058,0.0,0.0,526.97,534.4,534.42,0
1214,0.082,0.019,-0.043,0.0,0.0,640.43,652.96,652.99,0
1215,,0.293,0.123,0.0,0.0,,795.22,795.24,0
1216,0.036,-0.151,-0.122,0.0,0.0,1170.59,1171.4,1171.42,0
1217,-0.082,0.008,-0.207,0.0,0.0,269.3,270.03,270.07,0
1218,,0.403,0.01,0.0,0.0,,777.56,777.59,0
1219,0.01,0.204,0.048,0.0,0.0,1299.13,1306.61,1306.64,0
1221,0.062,-0.21,-0.1,0.0,0.0,1477.37,1484.67,1484.69,0
1222,-0.082,0.232,-0.026,0.0,0.0,1434.05,1440.1,1440.12,0
1223,,-0.216,-0.016,0.0,0.0,,442.39,442.41,0
1225,,-0.171,-0.008,0.0,0.0,,555.21,555.23,0
1228,-0.134,-0.216,0.022,0.0,0.0,267.07,268.27,268.31,0
1230,,0.296,-0.002,0.0,0.0,,1266.83,1266.86,0
1233,,-0.039,0.033,0.0,0.0,,1179.5,1179.53,0
1234,-0.036,0.093,-0.184,0.0,0.0,1381.02,1382.35,1382.39,0
1235,-0.023,0.232,0.094,0.0,0.0,320.72,322.3,322.32,0
1237,,-0.147,-0.111,0.0,0.0,,710.47,710.49,0
1239,-0.134,,,,,1400.47,,,0
1246,,-0.059,-0.131,0.0,0.0,,486.74,486.76,0
1248,,0.053,-0.124,0.0,0.0,,508.98,509.0,0
1250,0.075,-0.147,,,0.0,619.18,622.15,622.21,1
1251,0.075,-0.147,,,0.0,619.18,622.15,622.21,0
1252,,0.358,0.095,0.0,0.0,,459.72,459.76,0
1255,,0.184,0.07,0.0,0.0,,1064.79,1064.82,0
1256,,-0.201,-0.085,0.0,0.0,,668.43,668.45,0
1270,,-0.017,0.09,0.0,0.0,,1359.79,1359.82,0
1274,0.003,-0.12,0.057,0.0,0.0,166.6,166.8,166.83,0
1275,0.003,-0.12,0.057,0.0,0.0,166.6,166.8,166.83,0
1276,0.003,-0.12,0.057,0.0,0.0,166.6,166.8,166.83,0
1277,0.003,-0.12,0.057,0.0,0.0,166.6,166.8,166.83,0
1283,0.049,-0.091,-0.06,0.0,0.0,638.11,643.09,643.11,0
1284,-0.003,0.293,-0.053,0.0,0.0,897.03,904.08,904.1,0
1285,,-0.002,0.038,0.0,0.0,,223.34,223.37,0
1288,,,,,,,,,0
1291,0.075,0.113,-0.011,0.0,0.0,1692.63,1709.26,1709.29,0
1292,,-0.099,-0.074,0.0,0.0,,1612.02,1612.05,0
1293,-0.088,-0.151,-0.047,0.0,0.0,1114.97,1121.81,1121.83,0
1294,,-0.044,0.097,0.0,0.0,,200.2,200.22,0
1296,,0.008,0.034,0.0,0.0,,350.15,350.18,0
1298,-0.114,0.198,0.108,0.0,0.0,1.82,3.13,3.15,0
1300,-0.193,-0.044,-0.05,0.0,0.0,203.8,205.54,205.57,0
1302,-0.134,-0.151,-0.001,0.0,0.0,961.59,963.58,963.6,0
1304,0.049,-0.017,0.091,0.0,0.0,1414.77,1423.2,1423.27,0
1306,,-0.091,-0.13,0.0,0.0,,459.28,459.31,0
1307,,-0.091,-0.13,0.0,0.0,,459.28,459.31,0
1308,,-0.091,-0.13,0.0,0.0,,459.28,459.31,0
1310,,-0.127,0.194,0.0,0.0,,1271.86,1271.92,0
1311,0.049,-0.216,0.199,0.0,0.0,339.13,340.05,340.07,0
1312,-0.068,0.184,0.099,0.0,0.0,1113.09,1115.8,1115.82,0
1313,0.016,0.121,0.062,0.0,0.0,1432.47,1433.38,1433.42,0
1318,,-0.039,0.25,0.0,0.0,,1074.56,1074.58,0
1320,,-0.171,0.07,0.0,0.0,,491.65,491.69,0
1322,,0.073,-0.048,0.0,0.0,,762.28,762.3,0
1323,0.062,0.408,-0.004,0.0,0.0,971.24,973.27,973.29,0
1325,0.075,0.121,0.025,0.0,0.0,1667.38,1669.19,1669.21,0
1326,-0.049,-0.139,0.049,0.0,0.0,15.82,17.1,17.13,0
1327,,-0.059,0.077,0.0,0.0,,448.23,448.26,0
1329,-0.101,0.111,0.01,0.0,0.0,218.37,219.27,219.29,0
1331,0.003,0.073,-0.089,0.0,0.0,701.33,703.74,703.77,0
1332,,0.072,-0.036,0.0,0.0,,1262.05,1262.07,0
1333,0.088,0.072,-0.067,0.0,0.0,920.87,923.06,923.09,0
1334,,,,,,,,,0
1335,-0.016,0.232,0.01,0.0,0.0,402.73,406.5,406.52,0
1336,,-0.238,-0.166,0.0,0.0,,1323.39,1323.41,0
1337,,0.293,-0.008,0.0,0.0,,737.86,737.89,0
1342,0.043,-0.039,-0.024,0.0,0.0,1104.89,1105.39,1105.42,0
1346,0.069,-0.039,0.133,0.0,0.001,1108.74,1110.23,1110.26,0
1349,,0.053,-0.012,0.0,0.0,,472.63,472.65,0
1350,0.069,0.019,-0.052,0.0,0.0,640.2,653.47,653.5,1
1351,0.069,0.019,-0.052,0.0,0.0,640.2,653.47,653.5,0
1356,0.01,0.513,0.038,0.0,0.0,890.15,895.93,895.96,0
1358,,0.183,-0.135,0.0,0.0,,785.9,785.93,0
1359,,0.008,0.053,0.0,0.0,,252.06,252.08,0
1360,0.082,0.072,0.292,0.0,0.0,1105.77,1107.53,1107.55,0
1361,-0.029,0.121,-0.024,0.0,0.0,1593.08,1595.39,1595.41,0
1362,,0.019,-0.026,0.0,0.0,,676.93,676.95,0
1366,,-0.147,-0.178,0.0,0.0,,626.55,626.6,0
1368,0.101,0.121,-0.126,0.0,0.0,1482.1,1490.33,1490.37,0
1370,-0.075,-0.147,-0.061,0.0,0.0,910.41,913.82,913.84,0
1373,,-0.037,-0.132,0.0,0.0,,802.05,802.09,0
1375,0.036,-0.171,0.048,0.0,0.0,536.73,550.13,550.18,0
1379,-0.01,0.073,-0.007,0.0,0.0,617.65,620.19,620.22,0
1380,,0.073,-0.07,0.0,0.0,,740.34,740.37,0
1381,,-0.201,-0.057,0.0,0.0,,691.52,691.54,0
1382,-0.049,-0.127,-0.167,0.0,0.0,1391.54,1392.18,1392.2,0
1384,,-0.231,-0.033,0.0,0.0,,69.29,69.32,0
1385,0.193,0.011,0.023,0.0,0.0,1631.86,1634.89,1634.91,0
1387,,0.293,-0.089,0.0,0.0,,719.25,719.28,0
1388,0.095,0.22,0.048,0.0,0.0,140.06,145.9,145.94,0
1389,-0.055,0.011,-0.019,0.0,0.0,1440.4,1441.91,1441.94,0
1390,0.016,-0.147,-0.021,0.0,0.0,636.51,638.93,638.94,0
1391,-0.042,-0.171,0.136,0.0,0.0,558.59,561.17,561.2,0
1392,-0.042,-0.171,0.136,0.0,0.0,558.59,561.17,561.2,0
1406,-0.167,-0.044,0.084,0.0,0.0,203.75,204.6,204.62,0
1407,-0.075,0.423,0.095,,0.0,2.07,3.21,3.23,0
1410,,-0.039,-0.022,0.003,0.0,,1191.0,1191.04,0
1411,0.03,0.39,-0.056,0.0,0.0,510.59,517.69,517.71,0
1412,-0.18,-0.104,-0.006,0.0,0.0,314.42,317.55,317.57,0
1414,-0.18,-0.104,-0.006,0.0,0.0,314.42,317.55,317.57,0
1415,,0.314,0.139,0.0,0.0,,1299.55,1299.57,0
1419,0.134,-0.238,0.089,0.0,0.0,1428.5,1429.81,1429.84,0
1421,,0.12,0.331,0.0,0.0,,350.89,350.92,0
1423,-0.055,-0.157,-0.008,0.0,0.0,205.81,216.86,216.88,0
1425,,-0.006,0.014,0.0,0.0,,155.33,155.35,0
1426,-0.062,-0.21,-0.004,0.0,0.0,1512.87,1513.4,1513.42,0
1429,-0.062,0.344,0.106,0.0,0.0,364.01,366.27,366.29,0
1432,0.095,0.073,-0.048,0.0,0.001,905.88,908.87,908.9,0
1438,-0.023,-0.007,0.143,0.0,0.0,169.46,170.17,170.19,0
1442,,0.22,0.034,0.0,0.0,,101.86,101.89,0
1445,0.016,0.12,-0.068,0.0,0.0,248.67,250.4,250.42,0
1446,-0.016,-0.21,0.03,0.0,0.0,1561.82,1565.54,1565.56,0
1447,,0.293,-0.026,0.0,0.0,,812.05,812.08,0
1450,,0.008,-0.235,0.0,0.0,,253.09,253.11,0
1451,,0.456,0.023,0.0,0.0,,418.77,418.8,0
1453,,0.019,0.082,0.0,0.0,,673.67,673.7,0
1454,0.069,-0.099,0.035,0.0,0.0,1461.44,1463.07,1463.1,0
1455,,-0.039,-0.066,0.0,0.0,,1081.51,1081.53,0
1456,0.016,-0.238,0.059,0.0,0.0,1324.63,1328.79,1328.81,0
1461,0.016,0.183,0.26,0.0,0.0,704.11,706.79,706.83,0
1463,,-0.104,0.185,0.0,0.0,,423.89,423.9,0
1464,,0.184,0.119,0.0,0.0,,980.64,980.66,0
1468,,0.184,-0.061,0.0,0.0,,1266.88,1266.9,0
1473,0.043,-0.091,-0.151,0.0,0.0,671.59,673.08,673.11,0
1476,-0.068,0.072,0.074,0.0,0.0,1222.17,1223.14,1223.19,0
1481,-0.042,-0.201,-0.018,0.0,0.0,610.91,617.28,617.3,0
1482,,0.22,-0.132,0.0,0.0,,150.36,150.38,0
1483,,-0.147,0.042,0.0,0.0,,788.24,788.26,0
1487,-0.101,0.296,-0.038,0.0,0.0,962.02,964.04,964.06,0
1492,-0.023,-0.104,0.118,0.0,0.0,289.92,292.79,292.86,0
1493,-0.055,0.183,-0.055,0.0,0.0,703.99,706.44,706.48,0
1499,0.075,-0.039,0.023,0.0,0.0,975.17,977.68,977.7,0
1500,,0.332,0.099,0.0,0.0,,89.63,89.65,0
1502,,,,,,,,,0
1503,0.036,0.107,-0.002,0.0,0.0,90.68,97.38,97.42,0
1506,-0.003,-0.216,0.007,0.0,0.0,336.18,338.06,338.08,0
1508,0.016,0.12,0.127,0.0,0.0,335.0,336.09,336.12,0
1511,,0.183,-0.034,0.0,0.0,,726.85,726.87,0
1513,,-0.238,0.084,0.0,0.0,,1311.4,1311.41,0
1516,0.01,,,,,1456.82,,,0
1517,0.075,-0.127,0.036,0.0,0.0,1307.08,1309.54,1309.57,0
1520,0.043,-0.151,0.176,0.0,0.0,937.38,942.1,942.16,0
1521,-0.134,-0.099,-0.104,0.0,0.0,1567.9,1574.63,1574.8,0
1526,0.023,-0.21,0.098,0.0,0.0,1515.47,1525.38,1525.41,0
1538,,0.093,-0.155,0.0,0.0,,1295.09,1295.12,0
1539,,0.296,-0.041,0.0,0.0,,940.33,940.36,0
1541,0.082,0.204,0.086,0.0,0.0,1274.92,1290.12,1290.17,0
1542,,0.053,-0.081,0.0,0.0,,472.54,472.56,0
1544,0.056,-0.21,0.096,0.0,0.0,1660.57,1661.92,1661.94,0
1545,-0.01,0.181,-0.116,0.0,0.0,192.1,197.49,197.52,0
1546,0.062,-0.171,-0.061,0.0,0.0,533.25,537.25,537.27,0
1548,,-0.037,-0.036,0.0,0.0,,792.38,792.4,0
1549,0.128,,,,,835.12,,,0
1550,-0.036,0.011,0.042,0.0,0.0,1441.17,1443.13,1443.16,0
1552,,0.296,-0.046,0.0,0.0,,1129.64,1129.67,0
1553,0.01,0.294,0.047,0.0,0.0,190.47,191.03,191.07,0
1555,,0.183,-0.029,0.0,0.0,,726.36,726.38,0
1557,,-0.147,0.059,0.0,0.0,,812.25,812.27,0
1558,-0.029,0.184,0.127,0.0,0.0,970.24,971.69,971.71,0
1560,0.03,-0.147,-0.018,0.0,0.0,889.3,895.4,895.42,0
1561,0.023,-0.039,0.07,0.0,0.0,971.86,973.84,973.87,0
1563,,-0.201,-0.172,0.0,0.0,,609.67,609.69,0
1566,,0.072,-0.103,0.0,0.0,,1059.84,1059.87,0
1579,0.016,-0.104,0.081,0.0,0.0,336.43,338.25,338.29,0
1586,-0.167,-0.059,-0.007,0.0,0.0,489.11,489.4,489.51,0
1588,0.01,-0.091,0.014,0.0,0.0,611.32,617.58,617.6,0
1589,,-0.231,-0.217,0.0,0.0,,51.9,51.93,0
1590,-0.023,0.293,0.067,0.0,0.0,625.82,633.38,633.4,0
1595,0.023,0.011,0.165,0.0,0.0,1677.44,1693.19,1693.22,0
1597,-0.042,0.008,0.029,0.0,0.0,272.37,273.68,273.7,0
1598,-0.042,0.008,0.029,0.0,0.0,272.37,273.68,273.7,0
1599,-0.042,0.008,0.029,0.0,0.0,272.37,273.68,273.7,0
1600,-0.049,0.12,0.039,0.0,0.0,257.44,258.0,258.06,0
1601,0.01,-0.231,0.059,0.0,0.0,139.66,140.23,140.26,0
1603,,-0.039,0.052,0.0,0.0,,1224.58,1224.61,0
1604,,-0.216,-0.065,0.0,0.0,,252.24,252.27,0
1606,0.075,0.232,0.109,0.0,0.0,1650.54,1652.8,1652.82,0
1609,,0.184,0.056,0.0,0.0,,1148.2,1148.22,0
1611,-0.167,0.121,0.064,0.0,0.0,1457.25,1457.9,1457.93,0
1612,-0.016,-0.147,0.095,0.0,0.0,902.42,905.71,905.74,0
1614,,-0.039,0.062,0.0,0.0,,1207.23,1207.27,0
1615,,0.072,-0.012,0.0,0.0,,1205.39,1205.42,0
1616,,-0.017,-0.052,0.0,0.0,,1400.45,1400.48,0
1617,-0.029,0.093,-0.002,0.0,0.0,1380.34,1390.05,1390.08,0
1618,,0.069,-0.001,0.0,0.0,,201.72,201.75,0
1619,0.03,0.408,0.098,0.0,0.0,1105.04,1107.09,1107.11,0
1620,-0.088,0.456,0.108,0.0,0.0,364.7,366.96,366.99,0
1623,,0.293,0.004,0.0,0.0,,878.21,878.31,0
1624,0.023,-0.039,-0.128,0.0,0.0,1211.1,1212.86,1212.89,0
1625,0.141,-0.091,-0.088,0.0,0.0,673.98,676.8,676.83,0
1627,,0.183,0.044,0.0,0.0,,876.83,876.87,0
1628,0.023,0.072,-0.166,0.0,0.0,1170.51,1171.34,1171.35,0
1629,0.043,0.093,0.024,0.0,0.0,1364.91,1367.15,1367.17,0
1630,0.016,-0.127,-0.013,0.0,0.0,1324.22,1328.3,1328.32,0
1631,0.043,0.296,0.004,0.0,0.0,924.33,928.44,928.47,0
1633,,-0.039,0.079,0.0,0.0,,997.5,997.52,0
1634,-0.049,0.296,-0.087,0.0,0.0,922.24,925.71,925.74,0
1635,0.036,0.342,-0.019,0.0,0.0,1642.39,1644.29,1644.31,0
1640,0.049,0.011,0.086,0.0,0.0,1511.44,1513.24,1513.27,0
1641,0.128,0.184,0.106,0.0,0.0,1148.89,1153.69,1153.71,0
1642,,-0.039,-0.019,0.02,0.0,,1191.7,1191.76,0
1643,-0.01,-0.114,-0.106,0.0,0.0,232.09,233.8,233.82,0
1644,-0.036,-0.233,-0.149,0.0,0.0,166.44,166.72,166.76,0
1645,,-0.201,0.02,0.0,0.0,,668.26,668.28,0
1649,,-0.059,-0.097,0.0,0.0,,464.56,464.59,0
1650,,-0.059,-0.097,0.0,0.0,,464.56,464.59,0
1652,,-0.151,-0.068,0.001,0.0,,1011.53,1011.56,0
1653,0.16,-0.007,-0.016,0.0,0.001,168.38,168.99,169.04,0
1655,,-0.006,0.033,0.0,0.0,,68.62,68.65,0
1656,,0.408,-0.028,0.0,0.0,,939.6,939.64,0
1660,,-0.127,0.109,0.0,0.0,,1311.43,1311.45,0
1661,,0.072,0.142,0.0,0.0,,1012.28,1012.31,0
1663,,-0.006,0.004,0.0,0.0,,137.53,137.56,0
1666,-0.042,0.053,-0.03,0.0,0.0,567.62,569.12,569.2,0
1669,0.003,0.008,0.052,0.0,0.0,248.34,249.4,249.44,0
1671,,-0.21,0.129,0.0,0.0,,1631.25,1631.28,0
1672,,,,,,,,,0
1675,,0.184,0.008,0.0,0.0,,1053.72,1053.74,0
1677,0.088,-0.104,-0.082,0.0,0.0,351.94,352.69,352.78,0
1679,,0.344,-0.042,0.0,0.0,,253.26,253.28,0
1681,0.043,-0.039,-0.014,0.0,0.0,921.06,923.24,923.27,0
1685,,0.293,0.115,0.0,0.0,,736.78,736.81,0
1690,0.088,-0.151,-0.107,0.0,0.0,1157.09,1158.73,1158.75,0
1691,,-0.039,-0.078,0.0,0.0,,1190.07,1190.1,0
1693,0.062,-0.037,-0.205,0.0,0.0,825.41,829.65,829.68,0
1695,0.095,-0.006,-0.013,0.001,0.0,140.5,148.02,148.06,0
1697,,0.072,-0.095,0.0,0.0,,1045.87,1045.9,0
1698,-0.167,0.183,0.147,0.0,0.0,903.65,907.51,907.55,0
1700,-0.075,0.128,0.033,0.0,0.0,17.9,23.45,23.52,0
1701,-0.055,0.011,-0.134,0.0,0.0,1584.79,1591.81,1591.83,0
1702,,0.332,-0.108,0.0,0.0,,135.66,135.69,0
1703,-0.016,0.053,-0.026,0.0,0.0,517.46,517.99,518.01,0
1704,,0.12,-0.158,0.0,0.0,,318.96,318.99,0
1705,,-0.147,-0.092,0.0,0.0,,796.04,796.07,0
1707,,0.072,0.07,0.0,0.0,,1071.88,1071.91,0
1708,0.095,-0.151,0.098,0.0,0.0,1142.9,1144.27,1144.31,0
1709,,0.107,0.109,0.0,0.0,,56.78,56.82,0
1712,,0.33,-0.184,0.0,0.0,,175.14,175.17,0
1714,-0.003,-0.037,-0.137,0.0,0.0,623.43,625.9,625.92,0
1715,0.101,0.278,0.017,0.0,0.0,486.79,487.22,487.25,0
1716,,0.072,-0.126,0.0,0.0,,1006.68,1006.7,0
1720,0.036,-0.119,0.026,0.0,0.0,64.26,67.2,67.24,0
1723,-0.01,0.093,0.13,0.0,0.0,1272.15,1278.62,1278.64,0
1724,0.043,-0.091,0.121,0.0,0.0,675.82,677.46,677.49,0
1725,-0.01,0.107,0.1,0.0,0.0,141.37,152.35,152.39,0
1726,-0.01,0.107,0.1,0.0,0.0,141.37,152.35,152.39,0
1727,,0.072,-0.11,0.0,0.0,,1008.66,1008.69,0
1729,-0.153,,,,,1410.9,,,0
1733,0.095,-0.151,0.093,0.0,0.0,1107.91,1109.44,1109.47,0
1737,,0.019,-0.005,0.0,0.0,,687.15,687.17,0
1739,-0.01,-0.104,-0.062,0.0,0.0,402.83,406.53,406.55,0
1740,,-0.151,-0.035,0.0,0.0,,1011.6,1011.63,0
1741,,0.444,-0.069,0.0,0.0,,50.29,50.44,0
1744,-0.029,-0.127,0.123,0.0,0.0,1272.61,1288.74,1288.78,0
1745,0.023,-0.238,0.021,0.0,0.0,1365.02,1367.26,1367.29,0
1746,0.095,-0.099,0.059,0.0,0.0,1642.42,1644.22,1644.24,0
1748,0.062,-0.147,-0.191,0.0,0.0,822.95,826.6,826.63,0
1750,0.023,,,,,550.22,,,0
1751,0.023,,,,,550.22,,,0
1752,-0.062,0.332,-0.005,0.0,0.0,73.7,78.2,78.36,0
1753,,0.107,-0.194,0.0,0.0,,123.25,123.28,0
1757,-0.108,-0.151,-0.056,0.0,0.0,961.74,963.64,963.67,0
1758,0.049,-0.21,-0.033,0.0,0.0,1624.71,1625.87,1625.88,0
1768,0.043,-0.147,-0.056,0.0,0.0,902.38,905.64,905.67,0
1769,0.069,-0.037,0.027,0.0,0.0,879.96,890.69,890.73,0
1773,,0.053,0.003,0.0,0.0,,503.63,503.66,0
1775,-0.023,0.311,0.039,0.0,0.0,15.44,21.4,21.44,0
1778,0.075,-0.12,0.049,0.0,0.0,167.45,167.71,167.77,0
1779,,-0.147,-0.139,0.0,0.0,,719.32,719.4,0
1781,0.062,-0.099,-0.171,0.0,0.0,1497.22,1501.0,1501.02,0
1784,-0.186,-0.238,-0.015,0.0,0.0,1409.25,1410.44,1410.47,0
1786,-0.082,-0.104,0.123,0.0,0.0,354.39,365.24,365.27,0
1787,,0.072,0.205,0.0,0.0,,1177.25,1177.26,0
1790,,0.184,-0.052,0.0,0.0,,1194.02,1194.1,0
1792,0.03,0.217,-0.072,0.0,0.0,166.38,166.63,166.67,0
1793,0.003,0.072,-0.043,0.0,0.0,1153.46,1154.36,1154.39,1
1794,0.003,0.072,-0.043,0.0,0.0,1153.46,1154.36,1154.39,0
1797,-0.167,-0.238,-0.173,0.0,0.0,1393.67,1393.98,1394.02,0
1800,0.095,-0.21,0.049,0.0,0.0,1532.98,1543.71,1543.73,0
1801,0.016,0.184,-0.05,0.0,0.0,1239.91,1244.01,1244.2,0
1804,-0.042,0.072,0.002,0.0,0.0,973.67,975.66,975.69,0
1808,-0.036,-0.127,0.104,0.0,0.0,1265.45,1275.87,1275.91,0
1809,,0.072,0.021,0.0,0.0,,1047.92,1047.95,0
1812,,-0.119,0.05,0.0,0.0,,157.26,157.28,0
1816,0.003,0.183,-0.092,0.0,0.0,896.95,904.04,904.06,0
1817,-0.036,-0.216,-0.046,0.0,0.0,272.59,273.78,273.81,0
1821,0.062,,,,,1215.06,,,0
1823,,-0.127,-0.093,0.0,0.0,,1413.24,1413.26,0
1830,0.01,0.072,-0.074,0.0,0.0,1214.38,1215.93,1215.97,0
1832,0.03,-0.127,-0.072,0.0,0.0,1316.57,1325.5,1325.53,0
1834,0.082,-0.151,0.125,0.0,0.0,1159.46,1160.59,1160.62,0
1835,,0.073,0.015,0.0,0.0,,820.19,820.22,0
1836,-0.055,0.12,-0.012,0.0,0.0,272.4,273.57,273.61,0
1838,0.003,-0.099,-0.029,0.0,0.0,1616.65,1618.81,1618.84,0
1840,0.049,-0.099,-0.022,0.0,0.0,1675.03,1691.8,1691.84,0
1842,0.088,-0.151,0.101,0.0,0.0,1144.01,1145.44,1145.47,0
1847,,-0.238,-0.153,0.0,0.0,,1393.88,1393.9,0
1848,0.095,0.232,-0.117,0.0,0.0,1461.57,1465.05,1465.07,0
1850,,,,,,,,,0
1852,,-0.091,0.046,0.0,0.0,,686.23,686.35,0
1853,0.016,0.184,0.032,0.0,0.0,1258.33,1261.73,1261.75,0
1861,,-0.127,0.036,0.0,0.0,,1295.44,1295.46,0
1866,,-0.151,0.034,0.0,0.0,,1182.31,1182.34,0
1867,,-0.238,-0.065,0.0,0.0,,1400.41,1400.43,0
1870,0.016,-0.119,0.122,0.0,0.0,55.83,62.61,62.64,0
1871,-0.003,0.184,-0.082,0.0,0.0,942.11,944.69,944.72,0
1873,,0.072,0.024,0.0,0.0,,1041.0,1041.03,0
1876,-0.082,-0.039,-0.1,0.0,0.0,1222.46,1223.03,1223.05,0
1877,,0.072,-0.105,0.0,0.0,,1006.39,1006.63,0
1878,0.056,0.296,0.192,0.0,0.0,1143.7,1145.39,1145.42,0
1879,0.056,0.011,0.009,0.0,0.0,1451.0,1456.68,1456.77,0
1881,0.043,-0.037,-0.073,0.0,0.0,891.4,896.37,896.4,0
1887,0.016,-0.099,0.021,0.0,0.0,1476.51,1479.32,1479.4,0
1888,-0.082,0.011,-0.039,0.0,0.0,1434.36,1441.22,1441.25,0
1890,,0.183,-0.157,0.0,0.0,,718.44,718.47,0
1893,-0.029,,,,,508.49,,,0
1895,0.023,-0.104,0.139,0.001,0.0,320.44,322.11,322.13,0
1897,,-0.017,0.045,0.0,0.0,,1311.05,1311.07,0
1902,-0.01,0.019,-0.25,0.0,0.0,670.47,671.08,671.1,0
1903,,0.093,-0.118,0.0,0.0,,1300.61,1300.63,0
1904,-0.016,-0.099,-0.005,0.0,0.0,1449.55,1450.19,1450.23,0
1907,,0.069,0.135,0.0,0.0,,182.06,182.07,0
1910,0.134,0.011,-0.081,0.0,0.0,1636.07,1641.05,1641.07,0
1911,-0.003,0.037,0.14,0.0,0.0,36.3,38.59,38.62,0
1912,0.115,-0.151,0.159,0.0,0.0,1095.62,1096.33,1096.38,0
1913,0.154,-0.147,0.132,0.0,0.0,836.18,838.96,838.99,0
1914,-0.036,0.072,0.118,0.0,0.0,1095.99,1097.48,1097.51,0
1915,,0.073,-0.021,0.0,0.0,,743.16,743.18,0
1916,0.016,-0.231,0.083,0.0,0.0,105.48,107.16,107.2,0
1918,0.049,-0.233,0.062,0.0,0.0,167.08,167.39,167.4,0
1921,,0.293,-0.112,0.0,0.0,,721.05,721.07,0
1924,0.115,-0.147,-0.024,0.0,0.0,634.17,636.87,636.89,0
1927,,0.183,-0.042,0.0,0.0,,770.4,770.42,0
1928,-0.029,-0.099,0.005,0.0,0.0,1450.43,1451.26,1451.29,0
1932,,0.198,0.001,0.0,0.0,,1.08,1.1,0
1934,,0.204,0.079,0.0,0.0,,1359.59,1359.61,0
1936,,-0.037,0.031,0.0,0.0,,787.77,787.79,0
1937,-0.134,-0.151,0.051,0.0,0.0,976.69,979.92,979.94,0
1938,-0.134,-0.151,0.051,0.0,0.0,976.69,979.92,979.94,0
1942,,0.093,-0.067,0.0,0.0,,1429.12,1429.14,0
1945,0.115,-0.151,-0.051,0.0,0.0,925.7,930.44,930.47,0
1948,-0.121,-0.151,0.002,0.0,0.0,958.82,961.49,961.52,0
1949,-0.082,-0.21,0.096,0.001,0.0,1593.1,1595.42,1595.45,0
1951,0.056,-0.151,0.04,0.0,0.0,970.02,971.41,971.43,0
1952,,-0.151,0.052,0.0,0.0,,1075.89,1075.91,0
1953,,-0.231,0.034,0.0,0.0,,90.44,90.47,0
1955,-0.075,-0.027,0.082,0.0,0.0,1.39,2.93,2.99,0
1956,,-0.151,0.064,0.0,0.0,,1061.68,1061.72,0
1961,0.088,-0.151,-0.065,0.0,0.0,1213.53,1215.03,1215.05,0
1964,-0.068,0.35,0.058,0.0,0.0,589.47,601.21,601.24,0
1967,,-0.216,0.141,0.0,0.0,,347.14,347.17,0
1971,,-0.091,0.036,0.0,0.0,,689.58,689.61,0
1972,,-0.151,0.128,0.0,0.0,,1192.38,1192.4,0
1973,-0.082,-0.151,-0.004,0.0,0.0,959.6,962.21,962.24,0
1975,0.003,0.093,-0.141,0.0,0.0,1392.15,1393.23,1393.26,0
1976,-0.134,0.037,0.094,0.0,0.0,36.82,40.11,40.2,0
1980,0.023,0.121,-0.045,0.0,0.0,1450.45,1451.4,1451.42,0
1987,0.186,0.121,-0.002,0.0,0.0,1635.84,1640.89,1640.92,0
1990,,0.072,-0.04,0.0,0.0,,1263.74,1263.77,0
1993,-0.042,0.296,-0.119,0.0,0.0,946.73,955.68,955.71,0
1995,,0.011,0.141,0.0,0.0,,1492.26,1492.29,0
1998,,0.069,0.013,0.0,0.0,,202.37,202.41,0
1999,-0.16,0.069,-0.119,0.0,0.0,203.1,203.68,203.71,0
2000,-0.062,-0.017,0.205,0.0,0.0,1357.11,1361.37,1361.4,0
2004,,-0.21,-0.026,0.0,0.0,,1467.19,1467.2,0
2006,-0.14,0.184,-0.049,0.0,0.0,1211.89,1213.73,1213.75,0
2007,,0.093,0.027,0.0,0.0,,1423.38,1423.4,0
2009,0.101,-0.222,0.038,0.0,0.0,1693.96,1709.99,1710.02,0
2012,0.049,-0.151,0.127,0.0,0.0,1249.11,1259.95,1259.97,0
2016,0.075,0.072,0.149,0.0,0.0,1098.3,1104.73,1104.75,0
2019,,-0.231,0.102,0.0,0.0,,89.8,89.83,0
2020,,0.296,-0.126,0.0,0.0,,1076.38,1076.4,0
2021,,-0.151,-0.033,0.0,0.0,,1089.42,1089.44,0
2023,,-0.151,-0.028,0.0,0.0,,1007.48,1007.5,0
2024,,-0.104,0.009,0.0,0.0,,424.04,424.06,0
2026,,0.204,-0.106,0.0,0.0,,1275.8,1275.82,0
2027,-0.075,0.204,0.12,0.0,0.0,1373.42,1375.52,1375.54,0
2034,-0.023,0.184,-0.03,0.0,0.0,912.42,920.93,920.94,0
2036,-0.029,0.085,-0.047,0.0,0.0,15.52,21.49,21.52,0
2037,-0.075,0.093,0.1,0.0,0.0,1374.11,1376.2,1376.22,0
2040,,0.184,0.092,0.0,0.0,,1124.8,1124.83,0
2041,,0.296,0.022,0.0,0.0,,989.56,989.58,0
2043,,,,,,,,,0
2044,,-0.151,0.033,0.0,0.0,,1197.23,1197.26,0
2046,,0.072,-0.044,0.0,0.0,,1048.08,1048.11,0
2050,0.01,0.149,,,0.0,36.41,38.48,38.56,0
2053,0.075,-0.059,-0.068,0.0,0.0,568.93,571.11,571.13,0
2055,-0.055,-0.039,-0.04,0.0,0.0,1096.25,1097.66,1097.72,0
